csd_10,gold_d_10,xpd_10,dmg_share,dmg_taken_share,vision_score,kill_participation,obj_dmg_share,dragons,barons,wards_cleared,vision_wards_purchased,kda_early,kda_mid,kda_late,solo_kills,teamfight_kills,skirmish_kills,wards_early,wards_mid,wards_late,summoner_id,most_played_champ,most_played_role,most_played_lane,region,player_name
1.0554347826086958,204.5336956521739,267.5782608695654,0.13051718433715043,0.15763270609523755,48.18478260869565,0.49600787782280026,0.06750870954659108,0.39675207039337473,0.17210144927536233,0.19783402157765076,0.17580956925013821,0.18242093826291458,0.4056722494269106,0.3599859083354465,0.044005270092226614,0.30823608758391363,0.30804512516469024,0.2551939815232329,0.3944913169204063,0.3013775377102303,uUgnEZvYinJqcwsBt8ADvCQ8YQXECQ6qxL24KN3r7XIpn8E,89,DUO_SUPPORT,BOTTOM,na,RageCageRN
